{
  "No Fit": {
    "precision": 0.5686465433300877,
    "recall": 0.6814469078179697,
    "f1-score": 0.6199575371549894,
    "support": 857.0
  },
  "Potential Fit": {
    "precision": 0.302540415704388,
    "recall": 0.29504504504504503,
    "f1-score": 0.29874572405929306,
    "support": 444.0
  },
  "Good Fit": {
    "precision": 0.41471571906354515,
    "recall": 0.27074235807860264,
    "f1-score": 0.3276089828269485,
    "support": 458.0
  },
  "accuracy": 0.4769755542922115,
  "macro avg": {
    "precision": 0.4286342260326736,
    "recall": 0.4157447703138724,
    "f1-score": 0.4154374146804103,
    "support": 1759.0
  },
  "weighted avg": {
    "precision": 0.46139728910616096,
    "recall": 0.4769755542922115,
    "f1-score": 0.46275817223359544,
    "support": 1759.0
  }
}