{
  "No Fit": {
    "precision": 0.6518072289156627,
    "recall": 0.6312718786464411,
    "f1-score": 0.6413752222880854,
    "support": 857.0
  },
  "Potential Fit": {
    "precision": 0.3065953654188948,
    "recall": 0.38738738738738737,
    "f1-score": 0.34228855721393037,
    "support": 444.0
  },
  "Good Fit": {
    "precision": 0.35054347826086957,
    "recall": 0.2816593886462882,
    "f1-score": 0.31234866828087166,
    "support": 458.0
  },
  "accuracy": 0.47868106878908473,
  "macro avg": {
    "precision": 0.43631535753180906,
    "recall": 0.4334395515600389,
    "f1-score": 0.4320041492609625,
    "support": 1759.0
  },
  "weighted avg": {
    "precision": 0.48622856763512823,
    "recall": 0.47868106878908473,
    "f1-score": 0.4802105599639076,
    "support": 1759.0
  }
}